SaleID,CustomerID,ProductDetailID,SaleDate,Quantity,UnitPrice,Discount,TotalAmount,PaymentMethod,ShippingAddress,OrderStatus
60a9d559-ac6c-4563-9c99-27108974d9ce,6c4e954e-e8ce-47b3-a0e3-14ae7b268f8d,6c0560b8-cf0e-4402-a103-6b85cb306b85,2024-02-09,5,436.97,0.21,856.29,PayPal,590 Linda Port,Pending
3d9a3865-5efb-4e51-9989-254869a9f4da,e50b6278-8b8c-4dd5-ac16-6d28e67f347f,4c96c9f5-da0d-4042-b1c0-ab133ea2b812,2024-07-16,10,364.68,0.03,1324.78,PayPal,9301 Smith Ville,Cancelled
88401f67-604b-420c-8197-56f100341a02,56fb7019-5278-481b-8713-9ed2f68db9dd,6afc9ec9-31f7-41da-882f-24361deec7ea,2024-08-02,3,181.9,0.09,175.4,Bank Transfer,6789 Robert Villages,Shipped
c8f2ba36-66d8-4cfc-8871-c913f8e9f6c5,e2a19bbc-26f4-49db-9979-4cd9e2e5d5ef,259c0f40-9736-41de-bfed-75e1f5281a9e,2024-01-30,12,760.79,0.03,1424.76,Debit Card,7235 Angela Brooks,Cancelled
ea44d9f2-2f23-47d2-affe-1f4b1045a19f,c2801cb2-d5ab-4ef0-a595-3bed459104f8,cd0ed4d2-5a24-40f5-a3ad-dad603c41722,2024-04-23,3,876.4,0.25,1087.8,Credit Card,64703 Sanders Viaduct,Delivered
755c9904-ecd0-4e6a-9259-87e01e9807a6,3e1237d9-d96e-462d-bc43-bd09692e0584,a0fec81d-d0e2-45b0-b6b7-636e38df52aa,2024-01-14,4,871.04,0.03,1042.37,PayPal,243 Lee Parks,Shipped
049cfa6c-2a8f-4bce-9ad8-44d573fc3697,d739b228-c16c-4797-b230-a5219773dc50,6f87f845-86fe-488c-b727-28c64dffc01a,2024-03-07,10,326.48,0.26,1525.91,Bank Transfer,800 Bobby Locks,Shipped
5bc49d5b-fbc2-485a-9717-7bdc87b42771,838d1dc3-263f-4299-88ae-62635a61d8b7,5dc8dde1-1972-4776-9c8d-c94c11249266,2024-03-26,18,903.86,0.2,1316.79,Bank Transfer,7131 Flores Island Suite 822,Delivered
378cf44e-262c-4cc4-a301-a4576e3791e7,5794dc53-9c31-48a1-b7b8-30ea087cd18f,2ee99739-8059-4ee9-8228-63c24a54a4b2,2024-03-05,11,261.13,0.18,934.43,Debit Card,2004 Pearson Hills Apt. 849,Cancelled
9dbd4d54-104e-4046-a24b-ad781826ad97,fc91b108-6f47-4717-8c01-28666013dfc6,6f476578-5f9f-431b-99d2-69a681754941,2024-03-20,15,707.58,0.25,836.63,Credit Card,68932 Melanie Crossing Apt. 498,Pending
69fcf082-6133-4b1f-9a76-15bb64f82837,0b35a764-b87b-4865-947e-fcd1cf7f2e19,c20969d2-2d89-43bd-9372-3d26def1ed6c,2024-02-22,14,225.6,0.21,757.06,Bank Transfer,5720 Webb Underpass Apt. 309,Pending
9bfd45ae-07b4-442e-bdfa-40d658282897,e9c8a4df-9a70-41dd-82ca-e568b31e661d,324745ee-d2b1-44aa-9b92-71a61f979dd0,2024-05-09,6,870.04,0.04,1639.68,Credit Card,72240 Kelsey Land,Shipped
9e0fcbf7-268c-4efe-b401-9a178c216592,006bf716-a44a-4b52-914b-88922c4ea956,3a13ddeb-de42-4a8a-89e8-396c42c4d5ab,2024-04-08,1,684.05,0.1,1238.25,PayPal,20863 Jose Pass Apt. 622,Pending
937b464f-694b-4987-8828-bea8434c358b,47c2a95d-d862-4c8b-a457-dc5936dae87b,21fd5004-bc29-4780-8504-ec236a71ae86,2024-06-23,19,39.08,0.14,854.89,Bank Transfer,91226 Morgan Spur,Shipped
b5f2e8d4-37f4-4d8c-ba63-f7ddcec58bc6,554cf95b-65af-4839-b03e-1b28a608ff37,3a35b747-1494-4f79-9fe3-8c46f3b24bb0,2024-01-27,11,949.32,0.06,216.56,PayPal,8362 Tina Springs,Cancelled
dd7c453c-8c3b-4b08-b727-4a004904212e,09441d6f-bc7a-4b03-aa66-4e750b207963,5a8dd69d-16a1-408c-b941-b557ca2a8703,2024-07-30,20,669.76,0.24,486.65,PayPal,976 Bass Island,Delivered
0ac51de8-a7b0-44af-8aa7-d8f5b0c3faaa,b1948324-b6b0-4710-baff-b52a675ba1c9,23ab8390-baae-48dd-84f1-7cce30fa7077,2024-02-18,2,465.61,0.3,1011.35,PayPal,13510 Lopez Crossroad,Shipped
66669344-2168-4166-91b4-474d2a1c8e06,b73ef9fa-c32a-4ac6-9a15-ef61c7d7f807,bd7c02b4-1666-454c-aa52-61000ac988e9,2024-07-21,13,611.52,0.01,813.93,Bank Transfer,9541 Ramirez Creek,Shipped
a9f66a4d-b18a-4ea9-bc49-f74bb2b89023,0f6e72e8-f199-4105-807f-db5bc1f3995b,43c49c4b-b78e-414f-a245-e2f74da4430c,2024-06-20,14,220.35,0.18,807.0,Credit Card,225 Lauren Roads,Cancelled
8eeb8b7a-22c6-4c2e-856a-a2a14ddd9437,1e480ae0-aa12-45ba-b98f-f053195b84cd,749f0c82-6b6c-4d0c-a6b9-c9bbe9477f86,2024-03-30,6,750.22,0.01,1559.8,PayPal,323 Christopher Neck Suite 065,Delivered
9a54b86a-4079-462b-8b3a-56dac8abf8e2,1cd928f6-2af3-4c9b-af18-45beb1a98044,a061001d-e674-4b32-8d97-c3859c2288f8,2024-04-23,7,733.6,0.03,582.83,Bank Transfer,920 Collins Track Suite 979,Shipped
7462b19c-5068-4cad-8e9f-b48a7e399e3a,4f077a28-b388-4172-b702-4bbb9943eea7,e259e1d6-12b7-4027-a1a2-5ef40ac992f4,2024-03-03,17,703.63,0.09,1300.7,PayPal,217 Frederick Burgs,Delivered
d0a3d2aa-24e0-4339-8b14-c79273ced374,7acaa7fe-470d-4ace-9dfe-aa355ae8ef88,cff36a61-0f4d-48f1-8611-ec3145666ab6,2024-05-01,12,702.9,0.18,937.01,Credit Card,83675 Adams Drive Apt. 354,Cancelled
c54ce32c-933f-4724-9314-384c435057ca,ee679b3f-d21a-4865-a53a-e16d006005a6,d30279a9-a61c-4275-b3d5-e562633d732e,2024-07-28,1,821.99,0.04,967.32,Credit Card,3735 Brett Plains Apt. 671,Shipped
a08ecbc7-e1a0-483b-b071-606b3107d844,c30d49c8-c100-407b-8c8a-b2e416125e06,94cd114e-9c1e-4749-a4b9-6b374c4dfd12,2024-02-11,7,821.32,0.0,246.49,Credit Card,69872 Isaac Plaza,Pending
9d553c24-e01f-4e20-8b03-fc0cebf85dea,76fa5e56-2c2c-465e-842b-9637c5a9ae9d,6577cdfd-2458-4209-ad94-3470236adf96,2024-02-11,9,278.12,0.16,1283.25,PayPal,1262 Amy Terrace,Shipped
7cf3a649-b0e8-49dc-b160-69e1d7319dfc,8d4eff6b-d499-49a5-b511-a72e54311811,6d9eb90d-d850-479d-909f-0b09b2be61a0,2024-07-29,11,881.0,0.08,1032.18,Bank Transfer,330 Turner Summit,Cancelled
7e93df75-4e16-4e93-ab94-c0904595aa25,c2ee7000-177c-4a5a-aab1-3426483e8d5a,d1bc8bdd-7853-4ac9-9a4e-a3d12f9678d0,2024-07-07,18,219.86,0.24,1472.24,Bank Transfer,1486 Garcia Turnpike Suite 548,Shipped
983d2cff-a2f9-4144-a7b7-75e4980ce4c3,62126dba-6042-47b8-86b3-96d9ddd2dada,df154bc3-4099-421c-8f47-43c2efafc34e,2024-06-07,12,366.27,0.08,710.01,Credit Card,577 Amy Village,Delivered
87cea9b1-4831-4723-913a-9c82922d2956,73b457fd-2f6d-493d-bbc4-9d72704fec0e,0339dd63-71c0-4574-9b4d-5b4372975d02,2024-08-01,16,817.72,0.06,1537.52,Debit Card,031 Wells Springs Apt. 448,Shipped
997921ca-179a-4f89-9300-e45cd7193fb1,0a03af4f-f47e-469c-890b-edc228675daa,f79e4a7f-c95f-4964-8ee9-c8f818f6d9be,2024-05-26,20,879.16,0.23,1777.57,Bank Transfer,76723 Mendez Ford Apt. 549,Pending
3a706c6c-11c1-41d4-8be2-a388aef09a04,1f02b9cf-41bd-4f5c-affa-97272f0f3bf0,949c5b9a-82cd-4256-8e59-3884264fb110,2024-07-05,4,25.34,0.23,741.95,Credit Card,33510 Curtis Manor Suite 899,Pending
519fba62-6b71-49d1-95eb-c8fc8fd5d3dc,35cb092e-9d6c-4e17-b228-dcfd5fe7f0cc,3d83806b-40ac-4618-b536-e6e947b3c00d,2024-07-01,8,968.57,0.05,1557.51,Debit Card,3513 Bass Row,Shipped
09915ec3-d4b1-4e8c-937f-0671bbb6f551,3b4cd485-b609-4c06-8a0c-f5c105ced9b3,c2c127c0-c5ac-4adb-886a-e8fa31486b59,2024-06-10,9,288.26,0.02,1385.56,Debit Card,9531 Carl Burgs,Shipped
a9fca690-7aa7-447e-9248-494de6290afd,a2b12e90-cf1e-49f8-acaa-351f644225a0,46717902-3838-40c3-97ad-e863897f2ed9,2024-02-04,9,442.02,0.11,1926.35,Bank Transfer,6844 Jason Causeway,Cancelled
3a858357-371a-46bb-be5c-bc6ed870e7ef,4a3ea9a9-5031-443d-88f6-d2db6fffb83d,1140d65a-da49-41a7-a14f-1a1dec9074e1,2024-05-07,6,854.47,0.03,189.62,PayPal,1944 James Shores Apt. 776,Delivered
8fb13590-2d02-4f1f-9c72-3895487b01cf,3920d2f3-78f5-4b9b-aae5-7c8fa4e59549,3d1323d6-ca11-436a-bb2e-d7892f4c7c65,2024-05-31,11,862.71,0.02,1663.36,Credit Card,24678 Johnson Spur Apt. 637,Delivered
0544e3af-0eec-4dee-808d-b2a925270062,7805af19-abe5-4a8c-8a95-c84a790a2bb5,41f97b5d-ef50-41d6-9123-7d9cd9512af6,2024-05-03,2,980.92,0.3,1414.48,Bank Transfer,5640 Lewis Haven Suite 271,Delivered
33187d99-19bc-40a0-ac6a-3ad2baee152b,190e6ba4-e1b2-4a0d-a31c-e35e476f48a2,31854bfa-2ba1-4a7b-a40d-189df99057c7,2024-03-10,11,95.51,0.08,937.27,Debit Card,3901 Miller Passage Apt. 507,Cancelled
65639e51-e35f-4090-8a76-a17e3d12c60d,adf9e170-e769-4df4-a266-0a40b17594fb,934d62fc-8ed5-49ea-92a9-49f0bdbe84ef,2024-02-05,15,788.24,0.01,549.05,Debit Card,4242 Smith Landing Suite 853,Cancelled
ea2a5633-4750-462d-b416-9ef367e77160,152336a6-c6cc-4bf5-92d6-82e36df62179,7d5dd5d6-33d8-495a-acb7-6d2daac9a7bd,2024-04-01,4,427.23,0.11,144.43,Credit Card,4978 Fitzgerald Mission,Pending
a73e85d8-5964-4f53-a8aa-5e397b58a529,a8e1bd8d-d048-41ca-a872-1599e9423c5b,b3672811-55f2-41aa-a4fa-4b63484ff0cb,2024-07-06,19,454.81,0.16,981.24,PayPal,946 Wells Shoal,Pending
140aa305-4c76-4c55-950c-2b778b219b39,6c708812-6655-4d0a-8c84-c24bb72d39bc,277aac13-5faf-4b0e-aa6d-73c670444b69,2024-06-26,4,860.39,0.24,586.35,Bank Transfer,1744 Downs Trace Apt. 379,Delivered
099e3564-e68f-46db-95f5-45c02373d611,d2e24c89-0ecf-4c49-8441-0d97f525eb6e,cb7440bc-a2a4-4ad6-ae66-a8ebec565eed,2024-06-26,10,998.51,0.14,1485.48,Credit Card,3382 Estrada Glen,Shipped
f07f3aa0-663c-43d4-9ce3-8db5b5ccc941,32f51426-2e7c-4127-a480-e9ea86d0e7cf,b0d496fb-7219-40b2-ac99-7a9018f94634,2024-01-02,9,719.27,0.15,1638.08,Debit Card,5782 Collins Vista Suite 880,Cancelled
ec7f7b3a-bbaf-447e-a6dc-43e334440d60,c38dcc04-48e7-4cc6-ba09-6e39a2ee399b,226a0034-6345-4a3c-a75a-d5e8d8bf5e41,2024-02-19,13,328.16,0.24,995.98,Bank Transfer,020 Erica Mill Apt. 185,Cancelled
fa8c4650-c28c-4838-82e1-f5ca2967a311,e97689c1-422b-4ba8-a18e-1d04417d2edb,47411518-1b8f-4428-83d5-841ddd1660c7,2024-03-12,14,844.83,0.22,1777.03,PayPal,60970 Whitaker Grove,Shipped
7b50e0f8-c312-4c03-9725-518320efd1b6,ede7773d-3ae2-40fd-bf5f-aff18729b4dd,dc5997ed-9165-430c-a3e0-9d07f08b13a2,2024-03-06,6,507.03,0.02,1105.67,Credit Card,9117 West Dale Apt. 736,Delivered
751379da-4483-457b-849f-32f90824ce96,659cbc62-3a11-427f-b467-6f7b78fe4206,e91091ee-c833-4858-9b92-ac80cc880e11,2024-03-05,18,20.09,0.21,1507.22,Credit Card,1176 Ware Street Suite 296,Delivered
44b62135-c2d2-460f-b55e-a90de3e9cb8f,f596b935-e334-4f1b-a476-6872147ecdf6,4dde6078-688f-43bd-a97e-291596500f08,2024-03-13,4,803.59,0.1,1845.39,PayPal,4062 Kathleen Brooks,Shipped
559bfb8a-3150-4ab2-928c-b99694c572e3,ea5f8d79-eb55-4faa-9987-4918de64d88f,cb005003-fe12-4ebf-a950-d970fe6f66d5,2024-05-25,8,577.19,0.29,402.58,Credit Card,56211 Steven Heights,Shipped
eb70feda-2291-4232-882f-acf559b9e5f0,d68dc4c3-a4cf-4175-8246-9d9f49cb0dc2,13124e80-54e0-4a7b-a927-0a694a693978,2024-03-27,9,456.4,0.23,1923.87,Credit Card,67777 Wilson View,Pending
b20381e1-e2ae-481e-ab47-7abf390792fa,4d7249b1-17fc-4303-8b96-57cd6b8b7d05,7bf8385d-8422-45c7-82ca-cef6df086147,2024-04-03,16,318.18,0.2,354.77,Debit Card,67002 Randall Plains Apt. 799,Pending
f669c77b-8107-4a96-8097-e70bf98e375d,36c7a868-fb57-4390-bdf7-e14c1a2cf028,1c9ffc65-35ef-4493-92a9-3341b68fef7b,2024-04-23,1,754.36,0.07,176.73,Bank Transfer,37614 Jose Row,Pending
aae6a608-bbf9-4957-b39e-252f63372d5d,6728420a-ba17-4688-a266-b0ee305f2e9d,4eea7aa5-5f31-43ba-9503-c02a1bdf1e2e,2024-01-16,2,124.27,0.1,1179.4,Credit Card,0565 Jones Points Apt. 242,Pending
4ea71c59-4f91-460b-82ff-2044e6c146cf,b928821b-0e06-46b4-8ef4-9c81c6bf7134,f4ad0582-0c21-4efb-afd6-639f9e1bdaeb,2024-02-07,11,900.77,0.07,1050.95,PayPal,03619 Choi Ridges,Shipped
f39a0fea-0422-4662-a119-007b56251848,5ffc280a-0b1b-46d4-954c-25849086381b,2acbf694-81f5-4f15-9322-4b2391f228d4,2024-04-28,19,221.31,0.18,1627.16,Debit Card,320 David Terrace Suite 461,Delivered
19b0dd93-1763-44ae-88aa-92a18c232f97,33e73e5b-564b-4d73-a58c-5f0f34d0e339,15bacc38-2556-4054-9218-e01a34b62ead,2024-06-21,11,580.52,0.18,1607.9,PayPal,43411 Hernandez Field,Cancelled
1f6d9737-32bd-40e1-a2a7-bddeeb3d41b4,4e8017fc-e404-44bd-b561-2042578045b2,2d7efd3e-a597-4a83-85ca-e5789971d8bb,2024-07-16,14,761.65,0.17,916.23,Debit Card,596 Kevin Bridge,Shipped
9d16d13e-8fc5-488a-bb5f-cfaccbff0f33,7d71dd46-d4ce-4ce8-9ed1-e9f2c07709bc,1ea80c6a-c203-4f2a-80ab-2c04731ff30d,2024-04-18,11,836.37,0.13,920.8,Bank Transfer,146 Johnson Knoll Apt. 111,Cancelled
4aedbdd6-77de-43f8-80d9-ab55c218bf2d,140ac015-273f-4877-9ddd-99af44d45fdc,172b993d-22df-4248-83f7-09367696ab63,2024-04-03,5,202.74,0.23,1790.5,Bank Transfer,74427 Noah Oval Apt. 040,Pending
8cee4900-a29b-4458-a134-1f9be78ca2bd,48bbd0be-af27-42a7-ba98-2f3c6489a925,369ec99d-f0c6-4165-91ed-90abf1f971cd,2024-04-08,10,157.43,0.19,816.5,Credit Card,5897 Tammy Coves,Shipped
aa44ca35-acd4-4e78-a806-7e5f6310aa44,9ea16b6f-decb-4f65-9722-f395a4ff45a4,0d0a3a49-fafa-4ece-9475-9967ac84b36d,2024-07-25,14,661.45,0.27,1496.86,PayPal,524 Sullivan Islands Suite 019,Pending
b64c803a-aed7-41ed-8c38-f7c73b7e2e43,8d735f41-d33b-4723-bf34-a10c689bb1d6,fb07edf5-7472-47b5-a375-e743ed094d7c,2024-05-05,11,11.54,0.28,1931.95,Bank Transfer,432 Elizabeth Meadows,Delivered
d74aa1d8-00b4-495d-b7cf-c6b8475b49a2,eee3d578-1e42-4d29-b846-6f9b3b111a7b,c7a76912-02ab-4841-aeff-b1f58f68201a,2024-01-12,6,614.81,0.19,624.98,Credit Card,0555 Adams Manors Apt. 404,Pending
9458a960-f167-409a-8e8a-6ba79023e0dd,9a10871a-d4d6-40a9-b318-06f4690fecbe,7b9c7421-b3ea-4926-8071-0deda799d9d0,2024-05-21,5,832.83,0.04,1199.02,Bank Transfer,164 Robert Forest Apt. 920,Delivered
00164e72-18be-4743-87de-c4242e7d5dcd,f3f0260c-aaf7-4798-a36f-c3f58ce436d7,e3164941-f48c-451e-bc46-17abfe15f083,2024-07-24,16,304.1,0.21,1467.65,PayPal,0201 Bradford Wall Suite 485,Cancelled
6422b907-d918-4e71-8a48-7fe72ac9ff78,9435d4fe-edd9-413b-b2a0-7f3a7dd1fe6b,8db9d173-edab-4068-8729-8a4427d0ea95,2024-07-27,3,322.69,0.17,538.1,Bank Transfer,589 Valencia Club Apt. 364,Delivered
1396e9d3-ebdf-440c-8c27-acefc59a0284,08f71a90-fb99-4f29-80fd-b4f6817e0b30,f791c8b0-8ce2-41e7-83a1-e0168c2ebddc,2024-01-27,8,129.64,0.03,1329.76,Debit Card,95730 Ellen Road Apt. 774,Delivered
34c1cfe5-baef-4780-a260-871d7f6787b8,b1e58428-4ec2-43f8-b0d1-f52bd4ff3578,1a37321d-1318-412f-874e-4b33f4d8c556,2024-07-30,3,129.14,0.21,225.86,Bank Transfer,5333 Tracey Harbor Apt. 933,Pending
8a2c08ca-3cdc-4968-bf05-342acce1e21d,0d81b2fd-07fa-46ab-a8a4-24f0b076cd56,cb72fba4-3cc0-4aba-9253-9545d1037e24,2024-03-10,11,882.03,0.14,595.24,Bank Transfer,75010 Dickson Parkway Apt. 191,Shipped
7605bbb0-1246-458b-a9f1-a7c828aa5825,99f31df1-c4c6-4592-a198-f383f6f9e321,b7896698-67af-46fc-a938-7615eea2500a,2024-01-01,11,890.51,0.19,1008.3,Credit Card,00682 Jones Hollow Apt. 853,Pending
226996e1-f0d0-486a-8b01-2806e1959ad7,72e249d3-b700-458c-9354-c27ce594f365,e886c60b-92c3-4918-b583-14c203d77a79,2024-06-07,1,481.63,0.25,1035.12,Credit Card,4600 Michelle Green,Delivered
adf7e738-5c00-4c47-9f2c-a0c956433c74,3d6408ff-eece-4fb7-9c26-bcc114c7ff4a,c8be75d2-d3c6-4477-9809-2ef7c5468e57,2024-02-14,14,163.78,0.09,1391.98,Debit Card,91527 Todd Bridge,Shipped
31992c19-888d-4e34-8c55-670ff6f8589c,20a6b4c2-198e-4abd-a907-87f418bc8c2f,774bbf74-5fba-43d3-9ba4-54faf66942b7,2024-08-02,9,505.53,0.05,925.58,Credit Card,574 Gonzalez Plaza Suite 328,Pending
3a23005b-d39e-4262-b723-b136e908dc9a,558ee9aa-2a2b-486f-95d5-178e709a9012,dd04121f-51d9-4cea-b8c5-a1c9309168cf,2024-03-29,1,408.69,0.18,946.5,PayPal,72435 Ariel Keys Apt. 761,Delivered
216767ba-f2da-4593-b985-0d4571828922,8e07aa62-f99c-49b1-b4f4-f4ca115d495c,ed88ddee-0fed-4423-9405-5132980768dd,2024-06-08,4,493.05,0.04,757.02,PayPal,241 Kristin Springs,Shipped
42c1ccd6-9376-46ed-b058-b3f4125d7d78,0bdc0fc5-760e-4889-92d3-5772c62a9bc3,015f2c6b-af2b-481b-b22b-973872bba024,2024-05-16,14,502.47,0.28,1258.56,Credit Card,002 Anthony Overpass Apt. 181,Cancelled
b770c426-f05d-4c7a-bdc6-e50128791655,0f87358e-32d1-44a8-80ad-a1a6c1f325f4,fd6b4dfe-0205-49d8-9d3a-f35460ae2baa,2024-02-21,19,538.03,0.2,1250.2,Debit Card,1255 Myers Island,Delivered
2dbba206-d422-495b-8ccd-6d843a798c66,087fee30-2d4b-4b51-b774-873f7a7b68e7,c44c7fc6-31c7-4b02-8552-b4fd26b3ba75,2024-04-26,3,901.77,0.04,1805.17,PayPal,5301 Gary Avenue,Shipped
c7e48f72-0eaa-454b-b87e-fef234005b2f,e09228c4-6bb8-4c9d-9571-56103d27302c,ab3dc63f-bea1-4d38-987b-0d91da783d68,2024-03-12,14,446.42,0.06,1258.81,Bank Transfer,643 Christopher Passage Suite 763,Delivered
4a2e02b2-f553-4c76-a53d-8c7b9aee60f7,bd2d797b-3b9d-4548-96a7-a55f64bcf16e,271df2fc-5631-4736-8844-02bc7a1c085c,2024-02-07,12,334.51,0.23,1429.86,Bank Transfer,3561 Rogers Roads,Delivered
dc62b073-c82e-449f-a5fb-b504d17731b9,0d0b6299-f5b0-4bce-bcb9-4e6c3530e005,294ccf03-30d2-493f-ab33-56deb9ded1b5,2024-02-21,9,495.7,0.3,398.96,Bank Transfer,4690 Danielle Radial,Delivered
c56e556c-5180-4502-b320-4763e60efdfb,19af9dea-2998-47c1-bcd4-861cdaa93f7f,5b3f77c6-6a42-4bd0-8f86-090c52114604,2024-01-17,1,442.72,0.04,1312.83,PayPal,36076 Kathy Lakes,Pending
0db49e0c-730a-46b1-a3ca-ae22148b238a,a082eba8-5a78-4b19-95d3-2f5814c0b33b,fa5968fe-4bbf-4506-aae1-ceb90b559a1a,2024-03-04,16,37.46,0.01,1227.61,Debit Card,042 Reed Fork,Shipped
1b18765c-523a-4faf-a826-06ce4fd7b57b,4d220e3c-deb3-4780-8c99-5218c30f4a1f,cc53b2a4-12f8-42f6-aa16-f8278540c657,2024-01-28,4,982.18,0.2,1338.99,Credit Card,172 Brown Common,Shipped
45f00808-77f2-443f-8147-aba6a3d92cd7,e4ec6574-771b-4eb6-b4ea-f46990f7cb09,56f085c1-353b-48a1-abf8-44b46783f500,2024-01-30,19,84.06,0.12,804.48,Debit Card,50537 Adams Divide,Pending
27c70b08-1e16-4ad4-9e5f-946d8412ae06,f9d0fde5-0966-487d-8b2b-7bc812688d53,c4c9c81f-ed97-4479-a301-711db5e69c0b,2024-05-02,12,199.72,0.06,402.09,Credit Card,3693 Jackson Falls Apt. 800,Pending
86d18eba-72a4-47dd-97cc-c175784ec34d,fb6e54ca-5430-4ac0-b442-7ca825cfd63a,b2278ed5-18f4-4e16-b76c-991a50a53609,2024-03-25,11,973.04,0.07,773.44,PayPal,34303 Chen Stravenue,Shipped
8adc75fc-8948-48ab-8d3e-388564cea190,99ea2eef-c8bb-4d0d-a301-1ce80e91271f,6838a2f4-97ee-4ba0-aba2-6541d45327cf,2024-04-03,9,817.21,0.25,1785.84,Bank Transfer,725 James Fort Suite 500,Shipped
88b2acab-4837-44eb-9132-ac4927091954,0da7d4a8-0e32-4867-909c-6e02c8954de2,9b38e609-3494-4712-a707-1dffba8f49e5,2024-06-12,14,432.32,0.18,1588.24,Credit Card,7050 Gardner Canyon,Cancelled
c41c1428-8086-4ffd-9856-8b6db164361e,ecfabb83-f4ea-4d2a-8771-303db3c309ba,f9d2671f-73ff-4045-996e-3b649d72ba9b,2024-07-21,2,714.2,0.04,838.75,Bank Transfer,16996 Diane Cape,Shipped
752eb48c-16ea-45d9-8f86-815d6939e8b9,41269916-5e25-47cf-9ae0-aec63e6b7c03,9b229dcd-1875-415f-9ad9-a9a1fdc144d6,2024-02-13,13,248.07,0.11,528.55,Credit Card,376 Keith Ville Suite 898,Pending
ff703c92-0f66-4c48-89b8-cd1839f08ea6,49187ba5-dfb5-4965-a598-3c84a2d37dfb,d5a155eb-8adf-4d93-8a64-aa0b26a3177c,2024-03-09,4,924.34,0.27,1365.43,Credit Card,567 Coffey Road Suite 106,Shipped
ca329669-7582-435a-8546-4e95eb5904a7,085697c7-6696-48c6-853e-288bce27735b,63274459-737f-4591-9735-2fa727e44980,2024-05-15,16,476.02,0.18,157.99,Debit Card,60137 Patrick Forges Apt. 323,Pending
78231d1c-9db4-4f47-8620-d2a58c38da7d,740eebb4-afdb-471b-9e5d-7867acd7d245,517b7ef6-e816-47ba-a415-d5dfb4e983be,2024-08-02,12,860.01,0.08,925.08,Debit Card,4855 Micheal Springs,Shipped
09560998-7e02-4c24-9424-64d6f5440c84,bfd6f206-322a-4d0c-82e8-2f8acf08ab25,b066dabe-56a0-4dff-b159-5833e075b0e1,2024-02-16,20,681.27,0.2,1310.09,PayPal,1728 Jim Mission Suite 374,Shipped
58ba18ab-a16f-4a3a-a910-438a6f2b9c53,3b0f9739-12af-4303-9ae4-a6ddfee55c51,02e54e4c-e250-4a2a-b3a9-de46aad0d068,2024-04-09,2,79.78,0.27,640.44,Debit Card,771 Amanda Overpass Apt. 467,Delivered
782cdb8a-9c0a-406d-a71c-4915e033ba55,088234af-4d9a-4ef4-ba65-eabe158a876b,f760d10a-154c-48c6-a223-fa6e87c773ac,2024-08-04,4,221.19,0.2,115.97,Credit Card,9083 Guerrero Corners Apt. 170,Delivered
68ae356c-487f-4c6b-a60b-15d308ea81f5,bea489dc-e2c4-4d14-bdde-1195c3a176ea,14528fdc-d2cf-4291-967b-e293e5abab05,2024-07-09,2,818.95,0.15,307.33,Bank Transfer,7045 Priscilla Islands Suite 349,Cancelled
d6169644-97b7-445d-a296-98603ba88a57,2212c4b0-2452-4b17-8e74-9050893870ac,81ff6c58-9cb4-4ed8-81b3-f5fdfdd6fc54,2024-02-15,6,558.93,0.27,1090.45,Debit Card,423 Collins Plains,Shipped
3995988f-46b9-4ef7-986e-bbbfe7415533,c9cbef02-dc16-4b2d-a65d-3b8f09fac0b3,a956f548-eb1c-40fd-85b3-e72a20c5275b,2024-06-16,15,569.87,0.03,625.82,Bank Transfer,197 Kim Valleys,Cancelled
44ff7da1-4871-4d57-b851-ba78bca1703e,c430f1e1-a101-46d6-9e12-540d02ff7674,5004b2d3-db6d-43ad-b626-36f51770f4ac,2024-05-22,16,768.29,0.13,856.43,PayPal,470 Jocelyn Grove,Cancelled
95d5061f-2357-4dc1-abe8-5787fc191d42,b20480ab-fe55-4587-b364-ff2413b3fa1f,92c25aeb-1625-49b3-9c36-5a2b4fcbd24f,2024-07-24,10,607.99,0.22,607.2,Credit Card,25758 Rice Green Suite 711,Cancelled
c5f6bf36-a28f-4c4d-a7e7-28b73d4019c8,43497271-54da-4686-b568-7f707bc3354a,d5661c77-bb2c-40a9-ae09-bb2ec11db284,2024-01-04,6,169.64,0.25,1229.9,Credit Card,175 Sandra Ramp,Delivered
c64663e8-f116-4845-9740-485c134ecdd6,cfe72460-64df-446f-b793-e879809f16ee,78d0b372-8634-4bcc-9c61-c4742167a631,2024-08-06,3,727.4,0.26,151.74,Debit Card,7527 Christopher Court Apt. 590,Shipped
11ec2fee-c122-479f-887f-2d1bb3462e7c,996bb47f-71ae-469c-a4bd-af310a0110ce,f7295cd4-b9a3-4c63-be29-5bbbc9a605b7,2024-06-16,14,109.49,0.16,1918.65,Credit Card,4032 Moody Fork,Shipped
c139504b-025d-4b0c-ae0d-e5abe84f9b04,66f101b5-f008-4b4b-903b-40fe8922ff06,dc5f7ab5-b4a7-42ce-8ca9-9043750700fc,2024-06-28,9,484.71,0.28,386.68,PayPal,6041 Tom Burg Apt. 534,Pending
bea05a89-fbce-43cb-910f-ad3f95077325,959ad917-44dd-4465-9786-96ac3c2b7dae,4568ac20-61f1-45f4-bad2-c70b7773db3a,2024-06-26,6,634.78,0.07,495.11,Debit Card,906 Schmidt Shores Suite 996,Cancelled
ab28fb0c-7e0e-4cae-be83-a1d3d4ad7c19,d42f1f27-136f-48c7-b91d-22bbf6cf388a,bc5a1329-fc0d-43b6-add7-11ad70c3e1c5,2024-05-10,10,39.36,0.29,236.14,Debit Card,872 Allen Divide,Delivered
4a61dd0b-f848-49c2-ba05-8882dfc9c0d8,cec38e98-59b4-4ce1-a858-d82c9f3b99e8,3b3fd183-b6d3-4e41-a3ba-b7ae0d17b972,2024-06-09,7,513.45,0.05,1219.86,Bank Transfer,836 Jeffrey Haven Apt. 215,Shipped
bd3a9314-2e6e-4949-9a79-15ae754821bf,7ef1aa0b-2df0-4c5f-becb-b105d858532c,22739088-2181-46af-ab2c-e1b289645486,2024-07-30,8,59.88,0.09,273.24,Debit Card,58851 Wang Ramp,Shipped
0884bee5-fae1-423a-85ed-ad90b9fbf1ad,96ad7179-40aa-4ac9-b5a9-8f400660f949,c8aeb86a-7072-4cd8-9538-8c9470b5f718,2024-01-19,12,770.13,0.28,1069.91,Bank Transfer,9179 John Plaza,Shipped
0490cc3e-4d88-4edc-b248-558f9c1fba56,20c604af-dde5-419e-a3e4-cf06f484173c,e625ad6d-8de9-4d65-8820-0950a521a902,2024-02-17,20,927.61,0.09,1516.64,Bank Transfer,21931 Debra Lakes,Shipped
6eef5fd9-6c50-4a93-aac4-b13ee59159ce,1bbeec8c-832a-497c-ac49-079f0d74eb5a,a5e96898-61c3-43d6-a0dd-156a69c9c6b2,2024-05-09,6,891.48,0.26,915.6,Debit Card,3427 Lee Junction,Delivered
a64cb0d6-322b-49f7-9464-7dfbde3ad15f,abfcdec4-b649-418f-b9ff-e647c7e56d30,aa14bffe-06bc-4dbd-8574-2148f8114238,2024-04-19,2,872.93,0.02,566.72,PayPal,83423 Perez Burgs Suite 219,Shipped
79ae220e-aa0d-4f6a-8bcd-a72b0da4a1a4,f34c166d-09d4-4a6a-bad3-f6a2edb1b50b,d7831515-523e-4f6c-b02f-ded40d417311,2024-07-23,5,592.19,0.24,1785.72,Credit Card,658 Rodriguez Run,Delivered
e2540f1f-f95c-4c3e-8589-0badaeb0e2d6,a3b68794-47e8-4ffc-9e6f-62f2d7ccb526,f03ab39c-bffe-48e2-b703-9399598cae89,2024-03-15,1,935.33,0.08,1006.34,Debit Card,40294 Holland Run,Shipped
ea29434f-4b35-47ac-bcc5-7b6b5a84b99b,ae680925-52f7-4331-9109-57a264f92072,fec63529-0ddd-42ec-b371-a05020114bc2,2024-04-23,20,64.85,0.08,1023.41,Credit Card,91124 Brian Wells,Shipped
a4c97c9e-0216-4427-949e-cb4615f2e665,026caad7-a560-4ce3-a721-3dd269dadfe3,794976f8-88d8-47b7-bf64-df1e511e22a7,2024-06-17,9,845.26,0.08,127.45,Debit Card,495 Austin Harbors Suite 048,Pending
85a81422-1b64-42ca-b8dc-f052a98c84c7,be7c5ae4-15d2-42bc-bd52-0854e37af0cc,0e25addb-7c00-4772-851f-228e305cd842,2024-01-01,12,629.63,0.28,1574.94,Credit Card,74047 Ricky Spring Apt. 580,Delivered
bd37d3ca-ca33-4bdc-b0e1-355ad1435558,7ae49990-e172-43e7-add5-cab245bf9805,eafb4d28-ce77-482f-9b76-5168cdec82cd,2024-06-19,4,535.03,0.27,1662.73,Bank Transfer,5081 Eric Way Suite 029,Cancelled
d5db248f-3d93-4e5e-9fd7-a00020bbc2a4,8ef3999d-5a2a-472b-8e37-63a48c4721e5,b2042c6c-98f7-4bde-82b7-d4647f3fd2c7,2024-07-25,4,128.58,0.0,609.79,Bank Transfer,12101 Wilkins Groves,Shipped
eb0a40ce-f09a-47eb-a7b9-6c8861f03c54,9dd5b3ba-0423-448c-956c-a183b094f5b3,96b06182-49e2-4019-8b76-3fb6d7213cc4,2024-06-29,2,925.6,0.2,1402.66,Bank Transfer,768 Ryan Union Suite 166,Pending
2e2a57a1-120d-40dd-9e0d-ab0f138fc640,6cdfddc5-bb85-4489-9c7c-214fc5d64b1d,c9e9d78f-dfe8-4a31-b5ec-674503a36f0a,2024-02-25,13,207.2,0.11,1087.33,Debit Card,69817 Jordan Island,Shipped
11b70236-9815-4d8c-89ae-8265e852ce51,88a8cf36-29e0-4bad-b11c-57c3c4d72645,a622b993-3210-4e13-99b0-c55175f091fe,2024-04-19,12,294.88,0.2,752.46,Credit Card,674 Lewis Shore,Delivered
0f486055-63dc-43d9-a776-fdb4f06c8f07,afd48322-6f0e-4c58-8177-927242bfd8d3,ff00ae99-cb79-46a3-93c4-ed9cd665c6d7,2024-02-20,1,521.96,0.05,186.39,Credit Card,1911 Russell Heights Suite 661,Pending
66c5e29c-bc90-4ef1-b648-62ffd5b54df2,82d6cce1-355a-480c-8406-205d523bdfb1,3243ffeb-eab0-4f7a-9a4a-ca264225436d,2024-02-12,14,344.19,0.23,1177.59,PayPal,2132 Dennis Causeway Suite 118,Cancelled
9382e50a-0a97-40f7-b113-6cc7e291821f,582f3e2f-5fbf-4d44-9f9e-75fd50f96b55,db0ac6f5-37fa-47a6-a075-fa27d6ec8648,2024-03-11,19,217.4,0.17,1869.35,Credit Card,979 Stewart Branch,Cancelled
4175e8f8-1de0-48d5-8116-d104df712a02,a333b5c2-9a53-4f25-814b-1efb035514ce,8ae1399b-c5fd-48f2-bf3c-d771570e5d80,2024-07-18,8,399.34,0.07,953.68,Credit Card,5960 Katrina Pass,Shipped
124e54d2-16ae-43c1-82f0-ba531373378f,f1c06de7-15dc-42f8-9fdd-4517b20b3fac,ce2cb63e-9e8f-449a-9d16-2253ea5e9ed0,2024-06-19,5,440.33,0.27,1521.48,Bank Transfer,2752 Amber Alley,Cancelled
08c7c5f4-4b3a-464d-a7f9-3ffe5ebd9b44,db2267c0-01b2-4fb0-951e-b1a6ffe13917,8bec0ae7-44cf-41b9-9954-dfabbead3d55,2024-03-16,12,312.41,0.28,1986.15,PayPal,42086 Cynthia Pass,Shipped
9df7677a-6125-4e5f-9bad-0259db9d73a3,d9400a6f-d2f1-4be7-84ba-21cb0ae54877,d5c86874-3a2e-4b41-bd93-d783e71e68c2,2024-07-25,12,329.0,0.28,441.16,Bank Transfer,8877 Lee Station Suite 366,Delivered
153ee830-e7af-43a2-825b-218fc4f068e6,71cbced2-07f4-4b5b-a835-03f3f5c4e30b,c00e56b1-8d20-45bd-a4fc-8c6df020a3f2,2024-04-01,3,520.92,0.05,431.79,Debit Card,5568 Nicole Circle Suite 700,Cancelled
4cf78ad5-e60d-4c53-ba93-7eae66d9689d,1cbaddb3-290c-4fde-9ffd-de320e25cdea,343e18f2-85b7-460d-bce2-ad275de0cb7d,2024-02-24,17,528.46,0.1,1131.27,Credit Card,404 Roy Lights,Delivered
15ae81b2-f081-411d-92ab-9ac6b8dc6a47,65ff52a5-8768-472d-9900-3d5f470b48c1,0671eff5-c406-4947-a9fa-fb173d83e616,2024-01-18,1,121.64,0.25,1285.71,Debit Card,066 Bell Gardens,Cancelled
15e0f02a-c33d-4b51-8932-fca1ea13e469,0f42a140-ae84-4a77-ab30-019d5b8e913e,dc22dbdd-eae3-4e60-912d-c7fd75f4badc,2024-02-08,13,928.18,0.11,1551.9,Debit Card,9025 Roberts Lodge,Pending
231fdc33-adea-4bf2-aea0-c4db119ba6aa,208a3d4e-b110-452e-97da-2b48634bb235,442f2f25-f414-462a-b2d8-556cc2ef3775,2024-02-09,4,822.5,0.2,1027.8,Bank Transfer,972 Lisa Lodge Apt. 551,Cancelled
e7882295-d227-46eb-85f9-bc855c70bf34,8316ee0c-e720-420b-bc42-05cbcd446a13,631dd439-9244-4628-8a54-a2e6d8759afe,2024-07-09,5,983.89,0.22,392.4,Bank Transfer,7055 Kevin Branch,Shipped
e1d4f061-56fc-4c8e-9c2a-2b5912b9b6f8,8e1677cd-5556-4755-b8b3-6a99496fa8af,9d49182c-6804-42c8-85fe-ec3547f09522,2024-07-29,11,818.96,0.04,1133.55,PayPal,54529 Cooper Wells,Cancelled
f25d4015-7fea-40d5-83f3-7e80e7d557c4,8af2864c-7484-48c7-baef-277674c7b761,3ffd89d0-d0b3-4d77-86b1-dd89ebce663d,2024-08-04,3,573.48,0.14,1471.84,Bank Transfer,61038 Haley Turnpike,Cancelled
000fca8f-2fb5-4eba-881d-53fa2d10d438,64d412ca-0b71-4fcf-8f50-f17fecc50772,f15efba4-4f98-4322-9106-b49a63f67499,2024-07-03,10,595.58,0.12,1522.08,PayPal,39701 Jason Mills Apt. 021,Pending
162492c7-5032-4fe1-b5a9-9e7297a8089a,81bbab55-4c40-4c63-a98d-79f1f9bdcf35,f36ffd5d-39dd-4b18-8e75-0a65f56604ea,2024-02-18,8,690.84,0.06,975.24,Credit Card,6300 Jerry Lodge Suite 115,Shipped
a883ec76-ca9b-4fdd-b9d4-4b373a95d0c7,5712ba88-5ba4-4939-84af-c5ce75d0a3b2,d2c6a32a-4c9c-4200-b07b-df10d6aeb543,2024-01-24,9,230.25,0.11,1936.57,Debit Card,662 Acevedo Branch Apt. 300,Delivered
f832b868-ddd1-4c1a-bd06-028b2f70b9f9,c30714fa-1a54-4349-86d2-2293f06dd27b,78f254fe-1c13-461a-82a8-cfc142ee9cdb,2024-03-24,9,347.98,0.18,556.71,Bank Transfer,2115 William Bypass,Shipped
55d70c00-d794-4737-a316-efcb041ade98,6dd1ca1d-6857-4c70-9867-70b2da84877a,9f15d5cc-8484-4241-a706-c3e912fc84df,2024-05-14,18,552.62,0.2,1254.54,Credit Card,877 Brown Heights,Delivered
936f92ab-87bc-4982-952f-6ab8771fd5e6,2956e964-0f90-42d5-a7f9-0af03182f214,6843b4c9-0274-4a2f-a6ce-54379e7a514b,2024-06-08,4,992.28,0.22,495.76,PayPal,3998 Amanda Forest,Pending
da580f8a-f097-4509-adbc-0fd55b73030e,f94cdea4-1a7c-4356-acb8-6005a2f2f98e,f5938985-37fe-492c-8d13-5550b76786a1,2024-05-26,15,894.11,0.3,733.05,Debit Card,0742 Garrison Unions,Shipped
33b9c094-6879-4ad3-99f2-ba5793518c3c,e5855ec1-c8e7-47d8-8825-07e35eab8c0f,68ff710e-2be8-4a62-9048-c266245f5eb3,2024-01-01,11,464.79,0.14,1864.98,Credit Card,8386 Johnson Villages Suite 591,Delivered
6f2a9270-bcd1-4c6a-900a-d6548d14c471,d100ff04-aec8-41c2-9ab2-163565b3cb45,d325f7e0-a6b2-4180-aac0-97fc834d3492,2024-02-17,7,626.06,0.12,410.8,Credit Card,592 Rebecca Track,Pending
2d619684-dca9-4fa9-89a9-06baaa37e46d,c50c50d9-8e31-4040-a3e4-91d1944bf027,8715fc2a-a692-41cb-828c-ed8c6b43d42b,2024-05-06,11,257.2,0.13,1814.75,Bank Transfer,68663 Natalie Cape Apt. 566,Cancelled
228a69ff-4b52-4aca-af99-ac88765f3763,fe5b855f-55f3-404a-b307-e87208fc229f,fa5f9278-5cee-4019-a46b-a1ba8f849f0c,2024-02-19,13,759.82,0.02,1974.7,Bank Transfer,72361 Jennifer Ranch Suite 717,Cancelled
8761382e-a0fa-46ba-bca1-5afdf60b6862,1cef2022-ac5d-4e6e-8bbf-7de228afe539,a417a2d7-d5b4-4b06-9728-4007965b8794,2024-04-20,11,441.3,0.3,1932.39,Credit Card,975 Sharp Trail,Delivered
298e1600-d235-439e-8302-51e28a218725,b73fa8f0-83ca-4c4e-8da2-450ab998e10a,bf394094-e38f-4835-b753-d39b2f72bff5,2024-04-18,12,810.71,0.11,1291.79,Credit Card,243 Sullivan Lodge,Delivered
01950cdc-c473-47f1-8a1a-11a8208dbabc,4f1b11a8-49b3-47bd-85c2-b1dba5aad4b7,5595c839-a08d-45b6-a949-fff462c83cb4,2024-01-12,18,216.94,0.18,963.74,PayPal,959 Robin Lakes,Cancelled
3006b6c7-64a2-4edd-94d5-362e046f9c5f,15935ac4-12b1-4133-b798-181ec355ae7e,3e39c105-60ea-48b5-9f73-15dc88e1d9bd,2024-04-12,3,714.57,0.13,1093.52,Credit Card,56853 Gomez Meadows,Shipped
80727ff9-a394-4ddb-8547-84196e02ba4a,e8224353-ebab-4bb8-8cae-8d0792cf74d3,a3cc09c6-b3f9-42e3-82e8-3538624b1f3d,2024-04-29,8,495.96,0.15,1036.34,Debit Card,98107 Trevor Passage,Cancelled
20004824-5e94-4a6c-8439-bd89c31a4916,bcd93244-1ede-4fd7-b944-a3009661414a,41318e67-6b3a-4f81-a892-a8f1812be6aa,2024-06-18,11,944.89,0.1,1653.41,Credit Card,70864 John Station Apt. 426,Pending
5a8ab00b-f47d-4dc7-b46b-faccaf9ffd40,91f2f19c-20d8-4b1c-aa39-51a4b6a440f3,a7466b02-f9d2-4b9b-8934-8764fdae923a,2024-06-24,14,162.58,0.02,794.84,Debit Card,002 Wendy Common Suite 105,Delivered
9c62b61b-f064-4402-a0da-e811e29dfdc5,bad1eac0-db45-42b6-8795-5389a7d5d6ff,ddd27ca9-f90c-470b-bbad-e01daa86a850,2024-03-19,6,496.02,0.29,1854.19,Credit Card,536 Richards Motorway,Delivered
b00c3a9b-4397-4afe-94a7-67f913aa66cd,4c28b3de-269d-424d-be6e-2cc42701ae30,0acd2b7e-9dd9-4ea5-b33a-9eca2b5276e5,2024-03-07,3,781.3,0.01,500.65,PayPal,02705 Keith Trail,Cancelled
fbb2fadd-6224-402b-892d-84c3a63151b0,8b325c8a-dcdf-4cfa-8f07-f083b6fdb2d9,6c312596-b676-496b-b8e5-d89f073fc38b,2024-03-12,5,473.98,0.24,262.88,Debit Card,254 Smith Locks,Delivered
9836d7a7-b562-4244-b857-deaa9e6463e4,5fc51e21-e2b5-400e-be48-c02cc0171547,7bd29eb4-5a05-465c-9512-d215f7b4d08f,2024-01-01,1,976.94,0.16,942.21,Credit Card,670 Perez Fall Suite 045,Pending
6a29b361-65cb-4afb-bf3b-e3ccb47a9156,fe18ef00-0c38-42f2-b4e9-f28ffe72a9a6,cd545c3b-c89b-42b1-ac7d-3448830c9205,2024-04-23,8,859.5,0.21,1522.13,Bank Transfer,1415 Kelley Port Suite 519,Pending
a6c34f9b-4f7b-4304-858d-dcd69a55fe7f,9e7d1313-697c-4b0d-a29c-54315473db27,d8de015f-8e61-40bb-bacc-4beb76adcf66,2024-05-03,2,504.16,0.1,1372.88,Credit Card,17789 Roger Burgs,Cancelled
dfc90604-ef30-4730-bc44-1d43edfa3877,431c3fd4-1366-43f7-9b2a-e932c85a9821,7c22eedc-af71-41b2-b00c-c3bc3f4a604d,2024-05-23,1,162.24,0.21,1223.67,Credit Card,229 Smith Court,Pending
536d2cb6-0cc1-4ac8-9edc-94ba5ee62490,8f528c1f-afbd-4b57-8296-eb445a76da4f,c0636a75-dcd7-46eb-9a01-46d3f80f81ef,2024-04-16,20,964.86,0.03,1044.26,Debit Card,94396 John Motorway,Cancelled
4aa37cc1-e29b-42dd-84da-ccc784c535af,d9ce332b-fc24-4437-b2ac-fdc71cf9f369,30ed89a0-714c-4f29-83da-e280f2abf0cb,2024-03-17,10,496.91,0.26,965.4,PayPal,0496 Thompson Cliffs Suite 889,Delivered
52ce5885-1a15-44ac-bd92-86111e9b5f94,d0033a3e-2de2-4100-83fa-83b4a16badc4,e67ed96e-3c0c-4229-be66-cb5b7e9f84d5,2024-04-07,2,35.19,0.16,1462.42,PayPal,410 Cross Point,Shipped
5395bd06-e712-4541-804e-1d72f4abff10,239544e2-79c7-4fb5-a15d-bb3d99acf2ae,a96dc4bf-6b81-4515-ac24-bf0813576677,2024-04-18,19,751.77,0.26,1497.7,Bank Transfer,26127 Walker Summit,Delivered
dbdde363-69e9-4db4-834e-c11572451d27,1e014fdb-c15a-4acc-8cde-89f9c0bd78ca,b15cea13-0c6d-4b9a-b63b-c6f6bf9161aa,2024-04-22,19,321.48,0.21,1900.89,PayPal,04428 Jeremy Pine,Pending
d3971df9-4311-4557-8929-6b0751ef7c50,94285545-685b-426a-868a-475a09db0d8d,1a79a18f-deda-4bcb-90a2-541cf5916933,2024-04-10,4,922.71,0.16,1505.67,Credit Card,38261 Maxwell Ways,Delivered
0baae227-24af-4ecb-90b9-e73254175880,0803c157-530c-4718-a516-5d06ac0f43b1,2ec45f54-2bb0-43e3-9226-de202cf52418,2024-04-01,12,890.5,0.12,379.57,Bank Transfer,54947 Heather Springs,Delivered
9578666b-c512-4d0f-9a86-22d6da07d2c9,7251f45b-47e9-4957-826d-91cbb3d26110,1cc87be3-6c57-45d5-a21f-3b0706364ed1,2024-03-29,8,641.11,0.13,723.65,Bank Transfer,855 Rachel Inlet Apt. 720,Pending
39dde7a4-89a4-4cb2-a649-da5e011c3fad,57073c49-cdc5-4851-945e-cd60f2ebd571,51d075d0-2e11-4b82-b782-7dab64526bfe,2024-02-18,18,697.03,0.26,1012.15,Bank Transfer,729 Caitlin Light,Shipped
bf2d19b6-5459-4dfa-a424-06ae492bb664,c3f2ffb7-9e0a-4f04-819e-d8bd81e74dc8,2a9117bc-f328-47c0-bb81-5c190a978e2a,2024-08-08,3,396.01,0.03,492.8,Credit Card,876 Bray Turnpike Apt. 716,Delivered
5a1ac0b1-66a4-4eba-a227-3a714b9ef38c,b6041c28-11ad-4c8e-a8c8-8d5a5c2cfd64,d7c6ed4e-0ef5-4b1c-9324-1c9688b8cfd0,2024-04-18,16,617.26,0.12,1368.57,PayPal,64360 Karen Trail Suite 644,Cancelled
da777196-8c9d-4464-b21f-690f0dbdb295,81bd991c-04da-4db0-b320-81c8c580ccd4,daa4e328-d63b-477c-8d04-74bfa6fcf171,2024-07-14,19,871.48,0.29,1015.16,Debit Card,8473 Donald Lakes,Pending
58d96ffa-6731-43c3-b3ee-15a27099e766,ad0a46e9-f72a-4745-ade7-c404fec0d052,140cf0f2-7db5-4175-ada3-9dcbc7f6289b,2024-06-22,12,154.12,0.26,306.9,Bank Transfer,4945 Dunn Spurs,Shipped
54452f32-3f10-4ac2-9cd4-0f3affe05340,987fb2c8-7619-4e74-967a-47c7ab481e2a,81b22b69-210f-465a-b58f-19f9ad027e82,2024-04-30,1,655.37,0.05,1915.71,Debit Card,027 Harvey Inlet Suite 478,Delivered
70f97d5e-2053-4fa3-a6b9-abc384591ac2,24d2342e-4111-48ce-9f40-1bc01d676fab,8138a043-88cb-4162-8d0c-a08550b14142,2024-03-13,10,191.93,0.22,696.12,Credit Card,63768 Vanessa Orchard,Delivered
f47bc40a-e409-4198-817c-8b9bff0f7529,8cd8d788-2e0a-4484-9d9c-aee5ef435617,1f6ccc1e-aada-4d13-890c-228e03310038,2024-01-15,14,354.15,0.03,1449.22,Debit Card,0567 Amanda Circle Suite 491,Shipped
0e1be873-a2ee-4a53-b000-3cfaf0b52ff6,8c17d193-8fb1-4cec-ae79-5983db6175a0,c4bc43f2-5405-4caf-97b7-bab7aca3cb4b,2024-04-19,8,451.51,0.21,520.57,Bank Transfer,84319 Reed Mall,Pending
2c24f7bf-7a95-490a-928f-61cf009ba435,3c8e0e02-22c8-49b1-9cab-3e33065d3c7d,05fe72c0-2b80-48e0-8042-8e0a57942be0,2024-06-11,9,423.45,0.18,1957.07,Credit Card,53311 Emily Haven Apt. 304,Cancelled
ac379751-30e5-4e6c-b12d-e0aa3a11cfad,267babbb-8c02-484b-9956-2992db7d7430,0c5e59f7-3905-47f0-85b0-a927702d5c76,2024-04-10,19,413.98,0.29,431.92,Credit Card,2564 Lindsey Ridges,Cancelled
fbaa9bcf-8e8f-46e8-bd41-ab1cad1d16a2,9a0d00c8-2d74-47b8-9948-840a17a3bbba,2daf6c29-c61a-436e-b239-23544b6ac761,2024-02-26,12,871.78,0.11,1008.45,Debit Card,02274 Young Causeway Apt. 055,Delivered
eb173d4a-29f4-4412-96de-56edb5046c07,56c7670f-686e-457b-8886-5691844c907a,b1b354aa-a11d-49e1-b30b-315f7d3a4ad1,2024-07-01,14,680.57,0.12,284.19,Debit Card,24283 Paul Court Suite 156,Shipped
d57f69e0-db5a-4bef-b077-91a545325252,b9b7b658-b0b2-437c-9b7c-3a090aae3a67,b1e48e37-33c2-4e12-ae7f-bddd2174c442,2024-03-15,20,717.48,0.14,765.43,Bank Transfer,1189 Moyer Divide Suite 643,Cancelled
21c14dea-eebb-4a29-998b-7a278a506e9e,6e17d862-a2dd-4bd8-a637-cbf7eef81fed,54f2177c-b1d7-432c-9972-dc46cb4cdfff,2024-07-28,15,332.86,0.22,689.76,PayPal,4145 Johnson Vista,Cancelled
292662a1-62db-4a6b-a25f-4b5178e39a5d,76cc24d8-8e91-4730-8953-59849acc1577,88fbcf4e-343b-42f9-b4d6-39273cbb47f0,2024-08-07,19,749.61,0.18,1664.31,Credit Card,3321 Davis Trail,Pending
ca22a2d3-088b-40ea-b2ac-a30095007f76,5a027982-e19e-44d9-a58c-131a51ff07db,b80451ef-47ce-43c7-a5b8-fcf42228131c,2024-07-05,1,765.26,0.02,1045.44,Bank Transfer,07530 Curtis Isle Apt. 285,Cancelled
8cda6fa7-ade2-49eb-953f-e0611d26afb6,c75faaec-29d9-41b1-b797-5169064789af,93409bfd-c179-496f-8296-591f2813ddf5,2024-01-09,3,372.27,0.03,1733.39,Credit Card,1560 Jacob Ranch,Pending
5f52256c-9d73-45bb-9d42-10cb3230dd64,93e6e41f-05a6-4d67-847b-bcbad7b04521,22b9dc97-0306-4c61-baf0-62c4ba002681,2024-05-08,16,748.39,0.23,166.33,Debit Card,4109 Mcgee Loop Suite 183,Shipped
98c5287c-8707-486c-b8f3-4a816bb3e88d,93ed8ba9-5f64-49c5-a04b-0cbe9fbe1540,6bc2b466-2f03-4f0d-8e29-5ad3701b165a,2024-06-04,9,401.2,0.25,1744.96,Debit Card,0588 Roberts Ramp,Pending
fa5b825a-b341-4002-ab65-e8f6992d91dc,a33a5116-7269-438c-a5f6-0c2e7bd5dc8e,3838972d-ba91-4787-b1a0-3bce6c3c6ad3,2024-06-14,9,490.19,0.01,980.36,Debit Card,2226 Taylor Grove Apt. 634,Delivered
7efc1de5-e081-4093-8fe4-3131b79d4464,2117aeb3-5391-4eaa-a172-25419542efee,1e70f14c-aaf2-4c95-bcce-d82c23c9a7e5,2024-08-08,14,754.18,0.16,785.78,Credit Card,1814 Wallace Garden Suite 767,Shipped
fa3e5081-a4e8-4e7b-a6c7-8a758b63ffb9,15be8cfa-4fe9-428c-bc43-49b3f2a2d3ff,5f658e7b-f5fd-4701-86e9-4aa5e43d4f45,2024-01-23,19,402.05,0.05,489.6,Debit Card,917 David Springs Apt. 687,Delivered
251183c9-ad35-4404-be2a-e4a077f59801,c4916fd5-4218-47a5-af8c-e0e92b7d4590,0f5fcd46-aaf6-4ef6-b8b7-b09dff49df99,2024-06-29,13,40.45,0.23,776.87,PayPal,58395 Joseph Fields,Cancelled
9c82f476-7a6c-439d-b424-fffab203b22e,6cd1fdf4-1f1a-4177-9a99-11737b62d446,b3e95bb5-3bf5-4fe1-9a43-2c2fbfa09b94,2024-04-08,8,206.83,0.22,1577.35,PayPal,567 May Shoal Apt. 152,Cancelled
159070d6-c1ac-492d-b44c-500b77f1feb3,7bdcffcc-1ddb-495c-8a56-d3d240c6ec20,2715fce1-13dd-4401-9e65-8b40923de507,2024-03-27,18,553.47,0.13,709.09,Credit Card,08917 Sharon Spurs,Cancelled
